{"colsample_bylevel": 0.37516557872851514, "colsample_bytree": 0.9507635921035062, "learning_rate": 0.7419939418114051, "max_bin": 105, "max_depth": 13, "min_child_weight": 37, "n_estimators": 96, "reg_alpha": 12.616722433639893, "reg_lambda": 87.61761457749351, "silent": false, "subsample": 0.6015138967314656}