{"colsample_bylevel": 0.5805321174657726, "colsample_bytree": 0.25497035531759576, "grow_policy": "lossguide", "learning_rate": 0.5227300466362131, "max_bin": 115, "max_depth": 11, "max_leaves": 830, "min_child_weight": 45, "n_estimators": 177, "reg_alpha": 27.542930763855477, "reg_lambda": 15.354236203939285, "silent": false, "subsample": 0.9398799721349149, "tree_method": "hist"}